,gene,cdr3,species
83675,TRA,CVLRAGGGYVLT,MacacaMulatta
83676,TRA,CAVGNTGGTIDKLT,MacacaMulatta
83677,TRA,CAGRSNNDRVI,MacacaMulatta
83678,TRA,CAVRGSGTTDSWGKLC,MacacaMulatta
83679,TRA,CVLRSASGGGYVLT,MacacaMulatta
83680,TRA,CAVYNFNKFY,MacacaMulatta
83681,TRA,CVLKAGGGYVLT,MacacaMulatta
83682,TRA,CAVNTGGTIDKLT,MacacaMulatta
83683,TRA,CVLRVNYKLS,MacacaMulatta
83684,TRA,CASSNQAGKLI,MacacaMulatta
83685,TRA,CVLRGAASNNYKLS,MacacaMulatta
83686,TRA,CVLRSGGGYVLT,MacacaMulatta
83687,TRA,CVRANNYKLS,MacacaMulatta
83688,TRA,CAVRSGSTLGKLY,MacacaMulatta
83689,TRA,CAVGNTGGTIDKLT,MacacaMulatta
83690,TRA,CVLASGGGYVLT,MacacaMulatta
83691,TRA,CVLLSGGGYVLT,MacacaMulatta
83692,TRA,CVLRAGGGYVLT,MacacaMulatta
83693,TRA,CVLRALSGGGYVLT,MacacaMulatta
83694,TRA,CVLRANSNSGYALN,MacacaMulatta
83695,TRA,CVLRDGDNYGQNFI,MacacaMulatta
83696,TRA,CVLRDNYKLS,MacacaMulatta
83697,TRA,CVLRSGGGYVLT,MacacaMulatta
83698,TRA,CALISGGYDKLI,MacacaMulatta
83699,TRA,CVLIHSGWQLT,MacacaMulatta
83700,TRA,CVLRSGGGYVLT,MacacaMulatta
83701,TRA,CAENADSGWQLT,MacacaMulatta
83702,TRA,CAGRAFGNEKLT,MacacaMulatta
83703,TRA,CAAGSTLGKLY,MacacaMulatta
83704,TRA,CAEPKLM,MacacaMulatta
83705,TRA,CAVRVEGNRALV,MacacaMulatta
83706,TRA,CLGALGDSGWQLT,MacacaMulatta
83707,TRA,CVLRPQGAQKLV,MacacaMulatta
83708,TRA,CVLRSGGGYVLT,MacacaMulatta
83709,TRA,CARGAQGAQKLV,MacacaMulatta
83710,TRA,CAVIGNYGGSGNKLI,MacacaMulatta
83711,TRA,CAVNLDGQKLL,MacacaMulatta
83712,TRA,CAVSAFSGGYDKLI,MacacaMulatta
83713,TRA,CAVYGGSGNKLI,MacacaMulatta
83714,TRA,CFRPNADKLT,MacacaMulatta
83715,TRA,GALISGGYDKLI,MacacaMulatta
83716,TRA,CAARDSGNRALV,MacacaMulatta
83717,TRA,CAATDSGNRALV,MacacaMulatta
83718,TRA,CADSFTQGAQKLV,MacacaMulatta
83719,TRA,CAVEYNQAGKLI,MacacaMulatta
83720,TRA,CAVRDNNDIR,MacacaMulatta
83721,TRA,CAVRSTGNYKYI,MacacaMulatta
83722,TRA,CAVRETGRRALT,MacacaMulatta
83723,TRA,CAVRVEGSRALV,MacacaMulatta
83724,TRA,CVLASGGGYVLT,MacacaMulatta
83725,TRA,CVLIHSGWQLT,MacacaMulatta
83726,TRA,CVLKTGNNRLA,MacacaMulatta
83727,TRA,CVLNSGSYQKVT,MacacaMulatta
83728,TRA,CVLRAGGGYVLT,MacacaMulatta
83729,TRA,CVLRASNNYKLS,MacacaMulatta
83730,TRA,CVLRDGNNRLA,MacacaMulatta
83731,TRA,CVLRDSYNANKLI,MacacaMulatta
83732,TRA,CVLREPGNYKYI,MacacaMulatta
83733,TRA,CVLRPGVNNLF,MacacaMulatta
83734,TRA,CVLRRDDKII,MacacaMulatta
83735,TRA,CVLSINYKYI,MacacaMulatta
83736,TRA,CAVKGSGGSYQKVT,MacacaMulatta
83737,TRA,CATNASSNTGKLI,MacacaMulatta
83738,TRA,CAVRNNNDRVI,MacacaMulatta
83739,TRA,CVLKEGGNNRLA,MacacaMulatta
83740,TRA,CVLRAGGGYVLT,MacacaMulatta
83741,TRA,CAVSPSGATISI,MacacaMulatta
83742,TRA,CALPSDSGWQLT,MacacaMulatta
83743,TRA,CVLRDYGNKLI,MacacaMulatta
83744,TRA,CVLRLGGGSGNKLI,MacacaMulatta
83745,TRA,CLVGETGGFKTV,MacacaMulatta
83746,TRA,CVLRATGNYKYI,MacacaMulatta
83747,TRA,CVLRDSGGSANRL,MacacaMulatta
83748,TRA,CVLRFQQHDIR,MacacaMulatta
83749,TRA,CVLRNYGSSGNKLI,MacacaMulatta
83750,TRA,CVLRSGGGYVLT,MacacaMulatta
83751,TRA,CVLRTGGGYVLT,MacacaMulatta
83752,TRA,CVLRVASGGGYVLT,MacacaMulatta
83753,TRA,CATNASSNTGKLI,MacacaMulatta
83754,TRA,CAARLQAQ,MacacaMulatta
83755,TRA,CLVPGSYQKVT,MacacaMulatta
83756,TRA,CVLRAAGNYKYI,MacacaMulatta
83757,TRA,CVLRAGGGYVLT,MacacaMulatta
83758,TRA,CVLRATGNYKYI,MacacaMulatta
83759,TRA,CVLRAVNNNDIR,MacacaMulatta
83760,TRA,CVLRGNANKLI,MacacaMulatta
83761,TRA,CVLRSGVNNLF,MacacaMulatta
